,flow,surge,year
0,0.4503,0.582,2023
1,0.54036,0.7919999999999999,2100
