{"inpt": {"INPUT": {"0": "threshold 1", "1": "threshold 2", "2": "dt", "3": "min peaks distance 1", "4": "min peaks distance 2", "5": "POT 1", "6": "POT 2", "7": "Search Window"}, "value": {"0": "98", "1": "98", "2": "Daily", "3": "5", "4": "5", "5": "1", "6": "1", "7": "7"}, "unit": {"0": "%", "1": "%", "2": "temporal resolution", "3": "unit coherent with temporal resolution", "4": "unit coherent with temporal resolution", "5": "-", "6": "-", "7": "days"}}, "info": {"info": {"0": "Driver1", "1": "Driver2", "2": "Correlation coefficient", "3": "n\u00b0 of joint events", "4": "Threshold Driver1", "5": "Threshold Driver 2", "6": "Search Window"}, "value": {"0": "API", "1": "r24h", "2": "0.17291", "3": "34", "4": "270.4298", "5": "42.4332", "6": "7"}, "unit": {"0": "mm", "1": "mm", "2": "-", "3": "-", "4": "mm", "5": "mm", "6": "days"}}, "data": {"Time": {"0": 370310400000, "1": 373593600000, "2": 404524800000, "3": 434073600000, "4": 464572800000, "5": 534816000000, "6": 559267200000, "7": 561859200000, "8": 569116800000, "9": 633830400000, "10": 669081600000, "11": 689126400000, "12": 689904000000, "13": 715824000000, "14": 757468800000, "15": 758419200000, "16": 760492800000, "17": 812851200000, "18": 814579200000, "19": 876355200000, "20": 884563200000, "21": 976233600000, "22": 1012608000000, "23": 1037059200000, "24": 1037836800000, "25": 1038441600000, "26": 1232841600000, "27": 1359417600000, "28": 1391644800000, "29": 1392249600000, "30": 1393027200000, "31": 1416009600000, "32": 1451433600000, "33": 1494806400000}, "Driver1": {"0": 351.897978, "1": 272.2185929, "2": 303.7916797, "3": 273.1831312, "4": 284.6658046, "5": 288.6735192, "6": 304.5429271, "7": 273.9430307, "8": 307.6015681, "9": 274.8438135, "10": 341.8344469, "11": 285.7070215, "12": 295.4573776, "13": 322.7415209, "14": 344.0244493, "15": 485.4056656, "16": 340.3409896, "17": 321.1751298, "18": 359.3473119, "19": 339.8127443, "20": 414.7968772, "21": 283.7633003, "22": 303.0996848, "23": 325.809398, "24": 336.6595054, "25": 464.0913526, "26": 284.0539253, "27": 362.0114872, "28": 370.4347995, "29": 358.5283149, "30": 332.4568128, "31": 334.6527668, "32": 274.3045348, "33": 276.1872301}, "Driver2": {"0": 106.43, "1": 42.81, "2": 114.29, "3": 91.91, "4": 92.16, "5": 59.26, "6": 78.72, "7": 67.71, "8": 65.5, "9": 49.7, "10": 135.7, "11": 68.74, "12": 52.09, "13": 117.78, "14": 97.35, "15": 107.43, "16": 63.25, "17": 88.97, "18": 94.22, "19": 105.91, "20": 75.37, "21": 48.4, "22": 80.38, "23": 144.41, "24": 57.61, "25": 78.55, "26": 48.34, "27": 100.62, "28": 64.72, "29": 47.71, "30": 48.51, "31": 73.54, "32": 107.59, "33": 102.0}}}